GEO.id,Id
GEO.id2,Id2
GEO.display-label,Geography
HC01_EST_VC01,Total  - Population 15 years and over; Estimate; Population 15 years and over
HC01_MOE_VC01,Total  - Population 15 years and over; Margin of Error; Population 15 years and over
HC02_EST_VC01,Married in the last 12 months  - Male; Estimate; Population 15 years and over
HC02_MOE_VC01,Married in the last 12 months  - Male; Margin of Error; Population 15 years and over
HC03_EST_VC01,Married in the last 12 months  - Female; Estimate; Population 15 years and over
HC03_MOE_VC01,Married in the last 12 months  - Female; Margin of Error; Population 15 years and over
HC04_EST_VC01,Divorced in the last 12 months  - Male; Estimate; Population 15 years and over
HC04_MOE_VC01,Divorced in the last 12 months  - Male; Margin of Error; Population 15 years and over
HC05_EST_VC01,Divorced in the last 12 months  - Female; Estimate; Population 15 years and over
HC05_MOE_VC01,Divorced in the last 12 months  - Female; Margin of Error; Population 15 years and over
HC01_EST_VC03,Total  - Population 15 years and over; Estimate; AGE - Median age
HC01_MOE_VC03,Total  - Population 15 years and over; Margin of Error; AGE - Median age
HC02_EST_VC03,Married in the last 12 months  - Male; Estimate; AGE - Median age
HC02_MOE_VC03,Married in the last 12 months  - Male; Margin of Error; AGE - Median age
HC03_EST_VC03,Married in the last 12 months  - Female; Estimate; AGE - Median age
HC03_MOE_VC03,Married in the last 12 months  - Female; Margin of Error; AGE - Median age
HC04_EST_VC03,Divorced in the last 12 months  - Male; Estimate; AGE - Median age
HC04_MOE_VC03,Divorced in the last 12 months  - Male; Margin of Error; AGE - Median age
HC05_EST_VC03,Divorced in the last 12 months  - Female; Estimate; AGE - Median age
HC05_MOE_VC03,Divorced in the last 12 months  - Female; Margin of Error; AGE - Median age
HC01_EST_VC06,Total  - Population 15 years and over; Estimate; EDUCATIONAL ATTAINMENT - Population 18 years and over
HC01_MOE_VC06,Total  - Population 15 years and over; Margin of Error; EDUCATIONAL ATTAINMENT - Population 18 years and over
HC02_EST_VC06,Married in the last 12 months  - Male; Estimate; EDUCATIONAL ATTAINMENT - Population 18 years and over
HC02_MOE_VC06,Married in the last 12 months  - Male; Margin of Error; EDUCATIONAL ATTAINMENT - Population 18 years and over
HC03_EST_VC06,Married in the last 12 months  - Female; Estimate; EDUCATIONAL ATTAINMENT - Population 18 years and over
HC03_MOE_VC06,Married in the last 12 months  - Female; Margin of Error; EDUCATIONAL ATTAINMENT - Population 18 years and over
HC04_EST_VC06,Divorced in the last 12 months  - Male; Estimate; EDUCATIONAL ATTAINMENT - Population 18 years and over
HC04_MOE_VC06,Divorced in the last 12 months  - Male; Margin of Error; EDUCATIONAL ATTAINMENT - Population 18 years and over
HC05_EST_VC06,Divorced in the last 12 months  - Female; Estimate; EDUCATIONAL ATTAINMENT - Population 18 years and over
HC05_MOE_VC06,Divorced in the last 12 months  - Female; Margin of Error; EDUCATIONAL ATTAINMENT - Population 18 years and over
HC01_EST_VC07,Total  - Population 15 years and over; Estimate; EDUCATIONAL ATTAINMENT - Population 18 years and over - Bachelor's degree or higher
HC01_MOE_VC07,Total  - Population 15 years and over; Margin of Error; EDUCATIONAL ATTAINMENT - Population 18 years and over - Bachelor's degree or higher
HC02_EST_VC07,Married in the last 12 months  - Male; Estimate; EDUCATIONAL ATTAINMENT - Population 18 years and over - Bachelor's degree or higher
HC02_MOE_VC07,Married in the last 12 months  - Male; Margin of Error; EDUCATIONAL ATTAINMENT - Population 18 years and over - Bachelor's degree or higher
HC03_EST_VC07,Married in the last 12 months  - Female; Estimate; EDUCATIONAL ATTAINMENT - Population 18 years and over - Bachelor's degree or higher
HC03_MOE_VC07,Married in the last 12 months  - Female; Margin of Error; EDUCATIONAL ATTAINMENT - Population 18 years and over - Bachelor's degree or higher
HC04_EST_VC07,Divorced in the last 12 months  - Male; Estimate; EDUCATIONAL ATTAINMENT - Population 18 years and over - Bachelor's degree or higher
HC04_MOE_VC07,Divorced in the last 12 months  - Male; Margin of Error; EDUCATIONAL ATTAINMENT - Population 18 years and over - Bachelor's degree or higher
HC05_EST_VC07,Divorced in the last 12 months  - Female; Estimate; EDUCATIONAL ATTAINMENT - Population 18 years and over - Bachelor's degree or higher
HC05_MOE_VC07,Divorced in the last 12 months  - Female; Margin of Error; EDUCATIONAL ATTAINMENT - Population 18 years and over - Bachelor's degree or higher
HC01_EST_VC10,Total  - Population 15 years and over; Estimate; LABOR FORCE PARTICIPATION - Population 16 years and over
HC01_MOE_VC10,Total  - Population 15 years and over; Margin of Error; LABOR FORCE PARTICIPATION - Population 16 years and over
HC02_EST_VC10,Married in the last 12 months  - Male; Estimate; LABOR FORCE PARTICIPATION - Population 16 years and over
HC02_MOE_VC10,Married in the last 12 months  - Male; Margin of Error; LABOR FORCE PARTICIPATION - Population 16 years and over
HC03_EST_VC10,Married in the last 12 months  - Female; Estimate; LABOR FORCE PARTICIPATION - Population 16 years and over
HC03_MOE_VC10,Married in the last 12 months  - Female; Margin of Error; LABOR FORCE PARTICIPATION - Population 16 years and over
HC04_EST_VC10,Divorced in the last 12 months  - Male; Estimate; LABOR FORCE PARTICIPATION - Population 16 years and over
HC04_MOE_VC10,Divorced in the last 12 months  - Male; Margin of Error; LABOR FORCE PARTICIPATION - Population 16 years and over
HC05_EST_VC10,Divorced in the last 12 months  - Female; Estimate; LABOR FORCE PARTICIPATION - Population 16 years and over
HC05_MOE_VC10,Divorced in the last 12 months  - Female; Margin of Error; LABOR FORCE PARTICIPATION - Population 16 years and over
HC01_EST_VC11,Total  - Population 15 years and over; Estimate; LABOR FORCE PARTICIPATION - Population 16 years and over - In labor force
HC01_MOE_VC11,Total  - Population 15 years and over; Margin of Error; LABOR FORCE PARTICIPATION - Population 16 years and over - In labor force
HC02_EST_VC11,Married in the last 12 months  - Male; Estimate; LABOR FORCE PARTICIPATION - Population 16 years and over - In labor force
HC02_MOE_VC11,Married in the last 12 months  - Male; Margin of Error; LABOR FORCE PARTICIPATION - Population 16 years and over - In labor force
HC03_EST_VC11,Married in the last 12 months  - Female; Estimate; LABOR FORCE PARTICIPATION - Population 16 years and over - In labor force
HC03_MOE_VC11,Married in the last 12 months  - Female; Margin of Error; LABOR FORCE PARTICIPATION - Population 16 years and over - In labor force
HC04_EST_VC11,Divorced in the last 12 months  - Male; Estimate; LABOR FORCE PARTICIPATION - Population 16 years and over - In labor force
HC04_MOE_VC11,Divorced in the last 12 months  - Male; Margin of Error; LABOR FORCE PARTICIPATION - Population 16 years and over - In labor force
HC05_EST_VC11,Divorced in the last 12 months  - Female; Estimate; LABOR FORCE PARTICIPATION - Population 16 years and over - In labor force
HC05_MOE_VC11,Divorced in the last 12 months  - Female; Margin of Error; LABOR FORCE PARTICIPATION - Population 16 years and over - In labor force
HC01_EST_VC12,Total  - Population 15 years and over; Estimate; LABOR FORCE PARTICIPATION - Population 16 years and over - Not in labor force
HC01_MOE_VC12,Total  - Population 15 years and over; Margin of Error; LABOR FORCE PARTICIPATION - Population 16 years and over - Not in labor force
HC02_EST_VC12,Married in the last 12 months  - Male; Estimate; LABOR FORCE PARTICIPATION - Population 16 years and over - Not in labor force
HC02_MOE_VC12,Married in the last 12 months  - Male; Margin of Error; LABOR FORCE PARTICIPATION - Population 16 years and over - Not in labor force
HC03_EST_VC12,Married in the last 12 months  - Female; Estimate; LABOR FORCE PARTICIPATION - Population 16 years and over - Not in labor force
HC03_MOE_VC12,Married in the last 12 months  - Female; Margin of Error; LABOR FORCE PARTICIPATION - Population 16 years and over - Not in labor force
HC04_EST_VC12,Divorced in the last 12 months  - Male; Estimate; LABOR FORCE PARTICIPATION - Population 16 years and over - Not in labor force
HC04_MOE_VC12,Divorced in the last 12 months  - Male; Margin of Error; LABOR FORCE PARTICIPATION - Population 16 years and over - Not in labor force
HC05_EST_VC12,Divorced in the last 12 months  - Female; Estimate; LABOR FORCE PARTICIPATION - Population 16 years and over - Not in labor force
HC05_MOE_VC12,Divorced in the last 12 months  - Female; Margin of Error; LABOR FORCE PARTICIPATION - Population 16 years and over - Not in labor force
HC01_EST_VC15,Total  - Population 15 years and over; Estimate; POVERTY STATUS IN PAST 12 MONTHS - Population for whom poverty status is determined
HC01_MOE_VC15,Total  - Population 15 years and over; Margin of Error; POVERTY STATUS IN PAST 12 MONTHS - Population for whom poverty status is determined
HC02_EST_VC15,Married in the last 12 months  - Male; Estimate; POVERTY STATUS IN PAST 12 MONTHS - Population for whom poverty status is determined
HC02_MOE_VC15,Married in the last 12 months  - Male; Margin of Error; POVERTY STATUS IN PAST 12 MONTHS - Population for whom poverty status is determined
HC03_EST_VC15,Married in the last 12 months  - Female; Estimate; POVERTY STATUS IN PAST 12 MONTHS - Population for whom poverty status is determined
HC03_MOE_VC15,Married in the last 12 months  - Female; Margin of Error; POVERTY STATUS IN PAST 12 MONTHS - Population for whom poverty status is determined
HC04_EST_VC15,Divorced in the last 12 months  - Male; Estimate; POVERTY STATUS IN PAST 12 MONTHS - Population for whom poverty status is determined
HC04_MOE_VC15,Divorced in the last 12 months  - Male; Margin of Error; POVERTY STATUS IN PAST 12 MONTHS - Population for whom poverty status is determined
HC05_EST_VC15,Divorced in the last 12 months  - Female; Estimate; POVERTY STATUS IN PAST 12 MONTHS - Population for whom poverty status is determined
HC05_MOE_VC15,Divorced in the last 12 months  - Female; Margin of Error; POVERTY STATUS IN PAST 12 MONTHS - Population for whom poverty status is determined
HC01_EST_VC16,Total  - Population 15 years and over; Estimate; POVERTY STATUS IN PAST 12 MONTHS - Population for whom poverty status is determined - Below poverty
HC01_MOE_VC16,Total  - Population 15 years and over; Margin of Error; POVERTY STATUS IN PAST 12 MONTHS - Population for whom poverty status is determined - Below poverty
HC02_EST_VC16,Married in the last 12 months  - Male; Estimate; POVERTY STATUS IN PAST 12 MONTHS - Population for whom poverty status is determined - Below poverty
HC02_MOE_VC16,Married in the last 12 months  - Male; Margin of Error; POVERTY STATUS IN PAST 12 MONTHS - Population for whom poverty status is determined - Below poverty
HC03_EST_VC16,Married in the last 12 months  - Female; Estimate; POVERTY STATUS IN PAST 12 MONTHS - Population for whom poverty status is determined - Below poverty
HC03_MOE_VC16,Married in the last 12 months  - Female; Margin of Error; POVERTY STATUS IN PAST 12 MONTHS - Population for whom poverty status is determined - Below poverty
HC04_EST_VC16,Divorced in the last 12 months  - Male; Estimate; POVERTY STATUS IN PAST 12 MONTHS - Population for whom poverty status is determined - Below poverty
HC04_MOE_VC16,Divorced in the last 12 months  - Male; Margin of Error; POVERTY STATUS IN PAST 12 MONTHS - Population for whom poverty status is determined - Below poverty
HC05_EST_VC16,Divorced in the last 12 months  - Female; Estimate; POVERTY STATUS IN PAST 12 MONTHS - Population for whom poverty status is determined - Below poverty
HC05_MOE_VC16,Divorced in the last 12 months  - Female; Margin of Error; POVERTY STATUS IN PAST 12 MONTHS - Population for whom poverty status is determined - Below poverty
HC01_EST_VC19,Total  - Population 15 years and over; Estimate; PRESENCE OF OWN CHILD UNDER 18 YEARS - Population in households
HC01_MOE_VC19,Total  - Population 15 years and over; Margin of Error; PRESENCE OF OWN CHILD UNDER 18 YEARS - Population in households
HC02_EST_VC19,Married in the last 12 months  - Male; Estimate; PRESENCE OF OWN CHILD UNDER 18 YEARS - Population in households
HC02_MOE_VC19,Married in the last 12 months  - Male; Margin of Error; PRESENCE OF OWN CHILD UNDER 18 YEARS - Population in households
HC03_EST_VC19,Married in the last 12 months  - Female; Estimate; PRESENCE OF OWN CHILD UNDER 18 YEARS - Population in households
HC03_MOE_VC19,Married in the last 12 months  - Female; Margin of Error; PRESENCE OF OWN CHILD UNDER 18 YEARS - Population in households
HC04_EST_VC19,Divorced in the last 12 months  - Male; Estimate; PRESENCE OF OWN CHILD UNDER 18 YEARS - Population in households
HC04_MOE_VC19,Divorced in the last 12 months  - Male; Margin of Error; PRESENCE OF OWN CHILD UNDER 18 YEARS - Population in households
HC05_EST_VC19,Divorced in the last 12 months  - Female; Estimate; PRESENCE OF OWN CHILD UNDER 18 YEARS - Population in households
HC05_MOE_VC19,Divorced in the last 12 months  - Female; Margin of Error; PRESENCE OF OWN CHILD UNDER 18 YEARS - Population in households
HC01_EST_VC20,Total  - Population 15 years and over; Estimate; PRESENCE OF OWN CHILD UNDER 18 YEARS - Population in households - With an own child of the householder under 18 years
HC01_MOE_VC20,Total  - Population 15 years and over; Margin of Error; PRESENCE OF OWN CHILD UNDER 18 YEARS - Population in households - With an own child of the householder under 18 years
HC02_EST_VC20,Married in the last 12 months  - Male; Estimate; PRESENCE OF OWN CHILD UNDER 18 YEARS - Population in households - With an own child of the householder under 18 years
HC02_MOE_VC20,Married in the last 12 months  - Male; Margin of Error; PRESENCE OF OWN CHILD UNDER 18 YEARS - Population in households - With an own child of the householder under 18 years
HC03_EST_VC20,Married in the last 12 months  - Female; Estimate; PRESENCE OF OWN CHILD UNDER 18 YEARS - Population in households - With an own child of the householder under 18 years
HC03_MOE_VC20,Married in the last 12 months  - Female; Margin of Error; PRESENCE OF OWN CHILD UNDER 18 YEARS - Population in households - With an own child of the householder under 18 years
HC04_EST_VC20,Divorced in the last 12 months  - Male; Estimate; PRESENCE OF OWN CHILD UNDER 18 YEARS - Population in households - With an own child of the householder under 18 years
HC04_MOE_VC20,Divorced in the last 12 months  - Male; Margin of Error; PRESENCE OF OWN CHILD UNDER 18 YEARS - Population in households - With an own child of the householder under 18 years
HC05_EST_VC20,Divorced in the last 12 months  - Female; Estimate; PRESENCE OF OWN CHILD UNDER 18 YEARS - Population in households - With an own child of the householder under 18 years
HC05_MOE_VC20,Divorced in the last 12 months  - Female; Margin of Error; PRESENCE OF OWN CHILD UNDER 18 YEARS - Population in households - With an own child of the householder under 18 years
HC01_EST_VC23,Total  - Population 15 years and over; Estimate; HOUSING TENURE - Population 15 years and over in occupied housing units
HC01_MOE_VC23,Total  - Population 15 years and over; Margin of Error; HOUSING TENURE - Population 15 years and over in occupied housing units
HC02_EST_VC23,Married in the last 12 months  - Male; Estimate; HOUSING TENURE - Population 15 years and over in occupied housing units
HC02_MOE_VC23,Married in the last 12 months  - Male; Margin of Error; HOUSING TENURE - Population 15 years and over in occupied housing units
HC03_EST_VC23,Married in the last 12 months  - Female; Estimate; HOUSING TENURE - Population 15 years and over in occupied housing units
HC03_MOE_VC23,Married in the last 12 months  - Female; Margin of Error; HOUSING TENURE - Population 15 years and over in occupied housing units
HC04_EST_VC23,Divorced in the last 12 months  - Male; Estimate; HOUSING TENURE - Population 15 years and over in occupied housing units
HC04_MOE_VC23,Divorced in the last 12 months  - Male; Margin of Error; HOUSING TENURE - Population 15 years and over in occupied housing units
HC05_EST_VC23,Divorced in the last 12 months  - Female; Estimate; HOUSING TENURE - Population 15 years and over in occupied housing units
HC05_MOE_VC23,Divorced in the last 12 months  - Female; Margin of Error; HOUSING TENURE - Population 15 years and over in occupied housing units
HC01_EST_VC24,Total  - Population 15 years and over; Estimate; HOUSING TENURE - Population 15 years and over in occupied housing units - Owner-occupied housing units
HC01_MOE_VC24,Total  - Population 15 years and over; Margin of Error; HOUSING TENURE - Population 15 years and over in occupied housing units - Owner-occupied housing units
HC02_EST_VC24,Married in the last 12 months  - Male; Estimate; HOUSING TENURE - Population 15 years and over in occupied housing units - Owner-occupied housing units
HC02_MOE_VC24,Married in the last 12 months  - Male; Margin of Error; HOUSING TENURE - Population 15 years and over in occupied housing units - Owner-occupied housing units
HC03_EST_VC24,Married in the last 12 months  - Female; Estimate; HOUSING TENURE - Population 15 years and over in occupied housing units - Owner-occupied housing units
HC03_MOE_VC24,Married in the last 12 months  - Female; Margin of Error; HOUSING TENURE - Population 15 years and over in occupied housing units - Owner-occupied housing units
HC04_EST_VC24,Divorced in the last 12 months  - Male; Estimate; HOUSING TENURE - Population 15 years and over in occupied housing units - Owner-occupied housing units
HC04_MOE_VC24,Divorced in the last 12 months  - Male; Margin of Error; HOUSING TENURE - Population 15 years and over in occupied housing units - Owner-occupied housing units
HC05_EST_VC24,Divorced in the last 12 months  - Female; Estimate; HOUSING TENURE - Population 15 years and over in occupied housing units - Owner-occupied housing units
HC05_MOE_VC24,Divorced in the last 12 months  - Female; Margin of Error; HOUSING TENURE - Population 15 years and over in occupied housing units - Owner-occupied housing units
HC01_EST_VC25,Total  - Population 15 years and over; Estimate; HOUSING TENURE - Population 15 years and over in occupied housing units - Renter-occupied housing units
HC01_MOE_VC25,Total  - Population 15 years and over; Margin of Error; HOUSING TENURE - Population 15 years and over in occupied housing units - Renter-occupied housing units
HC02_EST_VC25,Married in the last 12 months  - Male; Estimate; HOUSING TENURE - Population 15 years and over in occupied housing units - Renter-occupied housing units
HC02_MOE_VC25,Married in the last 12 months  - Male; Margin of Error; HOUSING TENURE - Population 15 years and over in occupied housing units - Renter-occupied housing units
HC03_EST_VC25,Married in the last 12 months  - Female; Estimate; HOUSING TENURE - Population 15 years and over in occupied housing units - Renter-occupied housing units
HC03_MOE_VC25,Married in the last 12 months  - Female; Margin of Error; HOUSING TENURE - Population 15 years and over in occupied housing units - Renter-occupied housing units
HC04_EST_VC25,Divorced in the last 12 months  - Male; Estimate; HOUSING TENURE - Population 15 years and over in occupied housing units - Renter-occupied housing units
HC04_MOE_VC25,Divorced in the last 12 months  - Male; Margin of Error; HOUSING TENURE - Population 15 years and over in occupied housing units - Renter-occupied housing units
HC05_EST_VC25,Divorced in the last 12 months  - Female; Estimate; HOUSING TENURE - Population 15 years and over in occupied housing units - Renter-occupied housing units
HC05_MOE_VC25,Divorced in the last 12 months  - Female; Margin of Error; HOUSING TENURE - Population 15 years and over in occupied housing units - Renter-occupied housing units
